decade,wx,total_accidents,fatal_accidents,fatal_rate_pct
1990.0,VMC,971,178.0,18.33
1990.0,IMC,159,27.0,16.98
1991.0,VMC,954,189.0,19.81
1991.0,IMC,165,28.0,16.97
1992.0,VMC,964,160.0,16.6
1992.0,IMC,183,37.0,20.22
1993.0,VMC,1019,199.0,19.53
1993.0,IMC,144,27.0,18.75
1994.0,VMC,971,164.0,16.89
1994.0,IMC,164,28.0,17.07
1995.0,VMC,988,172.0,17.41
1995.0,IMC,172,32.0,18.6
1996.0,VMC,935,173.0,18.5
1996.0,IMC,159,22.0,13.84
1997.0,VMC,970,171.0,17.63
1997.0,IMC,147,28.0,19.05
1998.0,VMC,982,168.0,17.11
1998.0,IMC,154,24.0,15.58
1999.0,VMC,965,187.0,19.38
1999.0,IMC,166,22.0,13.25
2000.0,VMC,1466,251.0,17.12
2000.0,IMC,227,39.0,17.18
2001.0,VMC,1507,280.0,18.58
2001.0,IMC,255,52.0,20.39
2002.0,VMC,1447,253.0,17.48
2002.0,IMC,230,39.0,16.96
2003.0,VMC,1456,261.0,17.93
2003.0,IMC,266,53.0,19.92
2004.0,VMC,1501,280.0,18.65
2004.0,IMC,263,42.0,15.97
2005.0,VMC,1406,276.0,19.63
2005.0,IMC,234,36.0,15.38
2006.0,VMC,1464,272.0,18.58
2006.0,IMC,238,47.0,19.75
2007.0,VMC,1491,268.0,17.97
2007.0,IMC,254,46.0,18.11
2008.0,VMC,1414,263.0,18.6
2008.0,IMC,234,47.0,20.09
2009.0,VMC,1482,246.0,16.6
2009.0,IMC,219,41.0,18.72
2010.0,VMC,1486,287.0,19.31
2010.0,IMC,247,41.0,16.6
2011.0,VMC,1422,228.0,16.03
2011.0,IMC,241,52.0,21.58
2012.0,VMC,1438,257.0,17.87
2012.0,IMC,261,51.0,19.54
2013.0,VMC,1491,276.0,18.51
2013.0,IMC,225,38.0,16.89
2014.0,VMC,1475,254.0,17.22
2014.0,IMC,284,45.0,15.85
2015.0,VMC,1745,318.0,18.22
2015.0,IMC,284,45.0,15.85
2016.0,VMC,1689,351.0,20.78
2016.0,IMC,290,54.0,18.62
2017.0,VMC,1676,313.0,18.68
2017.0,IMC,272,46.0,16.91
2018.0,VMC,1720,332.0,19.3
2018.0,IMC,275,48.0,17.45
2019.0,VMC,1701,305.0,17.93
2019.0,IMC,276,49.0,17.75
2020.0,VMC,1671,337.0,20.17
2020.0,IMC,281,62.0,22.06
2021.0,VMC,1747,318.0,18.2
2021.0,IMC,257,35.0,13.62
2022.0,VMC,1664,310.0,18.63
2022.0,IMC,299,47.0,15.72
2023.0,VMC,1694,311.0,18.36
2023.0,IMC,297,52.0,17.51
2024.0,VMC,1694,301.0,17.77
2024.0,IMC,279,52.0,18.64
