table_name,column_name,data_type,null_count,missing_rate_pct
events,ev_id,VARCHAR,0,0.0
events,ev_date,DATE,0,0.0
events,ev_year,BIGINT,0,0.0
events,ev_type,VARCHAR,0,0.0
events,ev_state,VARCHAR,0,0.0
events,wx_cond_basic,VARCHAR,0,0.0
events,light_cond,VARCHAR,0,0.0
events,inj_tot_f,DOUBLE,2324,4.01
events,on_ground_collision,VARCHAR,0,0.0
aircraft,ev_id,VARCHAR,0,0.0
aircraft,Aircraft_Key,VARCHAR,0,0.0
aircraft,acft_category,VARCHAR,0,0.0
aircraft,far_part,VARCHAR,0,0.0
aircraft,type_fly,VARCHAR,0,0.0
aircraft,flt_phase,VARCHAR,0,0.0
aircraft,num_eng,BIGINT,0,0.0
aircraft,damage,VARCHAR,0,0.0
injury,ev_id,VARCHAR,0,0.0
injury,inj_level,VARCHAR,0,0.0
injury,inj_person_type,VARCHAR,0,0.0
flight_crew,ev_id,VARCHAR,0,0.0
flight_crew,crew_no,BIGINT,0,0.0
flight_crew,crew_age,DOUBLE,5178,8.94
flight_crew,pilot_tot_hrs,DOUBLE,8009,13.83
